Export Time, Export Time Seconds, Last Cycle Count, MCBI, Current Setpoint
2022-Mar-18-14:17:47,1647631067,37844,485,50.0

IntID,ALID,Alarm Text,SubID,Source,Type,Class,Subclass,Annotation,Arg1,Arg2,Reboot Count,Reinit Count,Retry Count,Clear Count,Time Occurred,Time Cleared,Set,Cleared,Elapsed,Response Time,Temperature,E10 Mode,OpMode,Station Mode,Tester Mode,Air P Low,Part Count,Cycle Count,User ID,Handler ID,Site ID
1,12533,ALARM12533-Output PnP X-PitchB Axis unable to Home.,75-Position tracking error,SC1_Handler:PnP_Output,Machine,Assist,Other,,,,0,0,1,0,1641328296,1641328335,14:31:36 04-Jan-2022,14:32:15 04-Jan-2022,00:00:39,3,25.0,Alarm,Initializing,1,1,0,0,0,5,MTX-A07,
2,11904,ALARM11904-Left Test-Site PnP X-Axis unable to complete move. (target = -0.7392) ,106-AmpFault::TrackErr,SC1_Handler:Ts_Head_Left,User,Assist,Other,,(target = -0.7392),,0,0,1,0,1641459784,1641459892,03:03:04 06-Jan-2022,03:04:52 06-Jan-2022,00:01:48,49,50.0,Alarm,Running,1,5,0,588,588,5,MTX-A07,
3,11961,ALARM11961-Left Test-Site PnP Chuck(s) 2 3 unable to extend.,0-None,SC1_Handler:Ts_Head_Left,User,Assist,Other,,2 3,,0,0,1,0,1641589092,1641589116,14:58:12 07-Jan-2022,14:58:36 07-Jan-2022,00:00:24,1807,-45.0,Alarm,Running,1,1,0,2583,2583,5,MTX-A07,
4,11904,ALARM11904-Left Test-Site PnP X-Axis unable to complete move. (target = -0.7392) ,106-AmpFault::TrackErr,SC1_Handler:Ts_Head_Left,User,Assist,Other,,(target = -0.7392),,0,0,0,0,1641652428,1641652884,08:33:48 08-Jan-2022,08:41:24 08-Jan-2022,00:07:36,190657,-45.0,Alarm,Running,1,1,0,3422,3422,NA,MTX-A07,
5,10323,ALARM10323-TXP ATT Z-Axis unable to Home.,77-Amplifier under voltage,SC1_Handler:Tray_Xport,User,Assist,Other,,,,0,0,0,0,1641653144,1641653178,08:45:44 08-Jan-2022,08:46:18 08-Jan-2022,00:00:34,189941,-45.0,Alarm,Initializing,1,1,0,3422,3422,NA,MTX-A07,
6,14104,ALARM14104-Boat Xport Conveyor failed to move.  ,77-Amplifier under voltage,SC1_Handler:Boat_Xport,User,Assist,Other,,,,0,0,0,0,1641653147,1641653178,08:45:47 08-Jan-2022,08:46:18 08-Jan-2022,00:00:31,189938,-45.0,Alarm,Initializing,1,1,0,3422,3422,NA,MTX-A07,
7,11904,ALARM11904-Left Test-Site PnP X-Axis unable to complete move. (target = -0.7392) ,106-AmpFault::TrackErr,SC1_Handler:Ts_Head_Left,User,Assist,Other,,(target = -0.7392),,0,0,0,0,1641841452,1641843148,13:04:12 10-Jan-2022,13:32:28 10-Jan-2022,00:28:16,1633,25.0,Standby,Running,1,1,0,3822,3822,NA,MTX-A07,
8,11961,ALARM11961-Left Test-Site PnP Chuck(s) 2 unable to extend.,0-None,SC1_Handler:Ts_Head_Left,User,Assist,Other,,2,,0,0,1,0,1641874050,1641879229,22:07:30 10-Jan-2022,23:33:49 10-Jan-2022,01:26:19,2118,-45.0,Alarm,Running,1,1,0,3822,3822,5,MTX-A07,
9,11961,ALARM11961-Left Test-Site PnP Chuck(s) 2 3 unable to extend.,0-None,SC1_Handler:Ts_Head_Left,User,Assist,Other,,2 3,,0,0,1,0,1641976885,1641977224,02:41:25 12-Jan-2022,02:47:04 12-Jan-2022,00:05:39,11324,-45.0,Alarm,Running,1,1,0,4326,4326,5,MTX-A07,
10,14104,ALARM14104-Boat Xport Conveyor failed to move.  ,106-AmpFault::TrackErr,SC1_Handler:Boat_Xport,User,Assist,Other,,,,0,0,1,0,1641988209,1641988264,05:50:09 12-Jan-2022,05:51:04 12-Jan-2022,00:00:55,0,130.0,Unknown,Initializing,1,1,0,4926,4926,5,MTX-A07,
11,14104,ALARM14104-Boat Xport Conveyor failed to move.  ,106-AmpFault::TrackErr,SC1_Handler:Boat_Xport,User,Assist,Other,,,,0,0,1,0,1642226152,1642226515,23:55:52 14-Jan-2022,00:01:55 15-Jan-2022,00:06:03,0,-45.0,Productive,Running,1,1,0,6965,6965,5,MTX-A07,
12,12163,ALARM12163-Handler's Contactor B1 stuck device. Open rear door; remove device to push Clear,0-None,SC1_Handler:Ts_Head_Right,User,Assist,Other,,B1,,0,0,0,1,1642257901,1642259800,08:45:01 15-Jan-2022,09:16:40 15-Jan-2022,00:31:39,8059,-45.0,Alarm,Running,1,1,0,7245,7245,5,MTX-A07,
13,12163,ALARM12163-Handler's Contactor B1 stuck device. Open rear door; remove device to push Clear,0-None,SC1_Handler:Ts_Head_Right,User,Assist,Other,,B1,,0,0,0,1,1642265960,1642266495,10:59:20 15-Jan-2022,11:08:15 15-Jan-2022,00:08:55,0,-45.0,Productive,Running,1,1,0,7293,7293,5,MTX-A07,
14,11961,ALARM11961-Left Test-Site PnP Chuck(s) 2 3 unable to extend.,0-None,SC1_Handler:Ts_Head_Left,User,Assist,Other,,2 3,,0,0,1,0,1642284660,1642287573,16:11:00 15-Jan-2022,16:59:33 15-Jan-2022,00:48:33,90054,-45.0,Alarm,Running,1,1,0,7362,7362,5,MTX-A07,
15,12163,ALARM12163-Handler's Contactor A1 A3 B2 stuck device. Open rear door; remove device to push Clear,0-None,SC1_Handler:Ts_Head_Right,User,Assist,Other,,A1 A3 B2,,0,0,0,1,1642374714,1642381489,17:11:54 16-Jan-2022,19:04:49 16-Jan-2022,01:52:55,5939,130.0,Alarm,Running,1,1,0,7813,7813,5,MTX-A07,
16,11904,ALARM11904-Left Test-Site PnP X-Axis unable to complete move. (target = -0.7392) ,106-AmpFault::TrackErr,SC1_Handler:Ts_Head_Left,User,Assist,Other,,(target = -0.7392),,0,0,1,0,1643202430,1643202474,07:07:10 26-Jan-2022,07:07:54 26-Jan-2022,00:00:44,0,50.0,Standby,Running,1,1,0,15544,15544,5,MTX-A07,
17,11904,ALARM11904-Left Test-Site PnP X-Axis unable to complete move. (target = 13.3630) ,106-AmpFault::TrackErr,SC1_Handler:Ts_Head_Left,User,Assist,Other,,(target = 13.3630),,0,0,1,0,1643202513,1643202547,07:08:33 26-Jan-2022,07:09:07 26-Jan-2022,00:00:34,227761,50.0,Standby,Running,1,1,0,15544,15544,5,MTX-A07,
18,10924,ALARM10924-Transfer PnP Z-Axis unable to complete move. (target = 0.9300) ,75-Position tracking error,SC1_Handler:PnP_Transfer,Machine,Assist,Other,,(target = 0.9300),,0,0,1,0,1643430256,1643430282,22:24:16 28-Jan-2022,22:24:42 28-Jan-2022,00:00:26,18,25.0,Alarm,Running,1,4,0,15644,15644,5,MTX-A07,
19,14519,ALARM14519-TH RTD reading out of range value. (ATC #38). Zone27(Right_TS_1C) Data1=54532 Data2=57265,0-None,SC1_Handler:KryoProxy,User,Assist,Other,,Zone27(Right_TS_1C) Data1=54532 Data2=57265,,0,0,1,0,1644053029,1644053163,03:23:49 05-Feb-2022,03:26:03 05-Feb-2022,00:02:14,800,-45.0,Alarm,Running,1,1,0,17915,17915,5,MTX-A07,
20,14519,ALARM14519-TH RTD reading out of range value. (ATC #38). Zone27(Right_TS_1C) Data1=54532 Data2=57270,0-None,SC1_Handler:KryoProxy,User,Assist,Other,,Zone27(Right_TS_1C) Data1=54532 Data2=57270,,0,0,1,0,1644053829,1644054036,03:37:09 05-Feb-2022,03:40:36 05-Feb-2022,00:03:27,208,-45.0,Alarm,Running,1,1,0,17924,17924,5,MTX-A07,
21,14519,ALARM14519-TH RTD reading out of range value. (ATC #38). Zone27(Right_TS_1C) Data1=54166 Data2=57270,0-None,SC1_Handler:KryoProxy,User,Assist,Other,,Zone27(Right_TS_1C) Data1=54166 Data2=57270,,0,0,1,0,1644054037,1644054046,03:40:37 05-Feb-2022,03:40:46 05-Feb-2022,00:00:09,11,-45.0,Alarm,Running,1,1,0,17924,17924,5,MTX-A07,
22,14519,ALARM14519-TH RTD reading out of range value. (ATC #38). Zone27(Right_TS_1C) Data1=54216 Data2=57265,0-None,SC1_Handler:KryoProxy,User,Assist,Other,,Zone27(Right_TS_1C) Data1=54216 Data2=57265,,0,0,1,0,1644054048,1644054210,03:40:48 05-Feb-2022,03:43:30 05-Feb-2022,00:02:42,12639,-45.0,Alarm,Running,1,1,0,17924,17924,5,MTX-A07,
23,14519,ALARM14519-TH RTD reading out of range value. (ATC #38). Zone27(Right_TS_1C) Data1=54532 Data2=57260,0-None,SC1_Handler:KryoProxy,User,Assist,Other,,Zone27(Right_TS_1C) Data1=54532 Data2=57260,,0,0,1,0,1644066687,1644067346,07:11:27 05-Feb-2022,07:22:26 05-Feb-2022,00:10:59,4378,-45.0,Alarm,Running,1,1,0,18055,18055,5,MTX-A07,
24,14519,ALARM14519-TH RTD reading out of range value. (ATC #38). Zone27(Right_TS_1C) Data1=54532 Data2=57270,0-None,SC1_Handler:KryoProxy,User,Assist,Other,,Zone27(Right_TS_1C) Data1=54532 Data2=57270,,0,0,1,0,1644071065,1644071301,08:24:25 05-Feb-2022,08:28:21 05-Feb-2022,00:03:56,51845,-45.0,Alarm,Running,1,1,0,18097,18097,5,MTX-A07,
25,10015,ALARM10015-Ionizer Imbalance Detected in Input TPS Zone value 39.4 exceeds 25.0,0-None,SC1_Handler:MC,User,Assist,Other,,39.4,25.0,0,0,1,0,1644122910,1644122937,22:48:30 05-Feb-2022,22:48:57 05-Feb-2022,00:00:27,31751,25.0,Alarm,Running,1,1,0,18513,18513,5,MTX-A07,
26,14104,ALARM14104-Boat Xport Conveyor failed to move.  ,106-AmpFault::TrackErr,SC1_Handler:Boat_Xport,User,Assist,Other,,,,0,0,1,0,1644154661,1644157363,07:37:41 06-Feb-2022,08:22:43 06-Feb-2022,00:45:02,11170,25.0,Alarm,Running,1,1,0,18836,18836,5,MTX-A07,
27,11961,ALARM11961-Left Test-Site PnP Chuck(s) 2 3 unable to extend.,0-None,SC1_Handler:Ts_Head_Left,User,Assist,Other,,2 3,,0,0,1,0,1644165831,1644166007,10:43:51 06-Feb-2022,10:46:47 06-Feb-2022,00:02:56,10013,-45.0,Productive,Running,1,1,0,18895,18895,5,MTX-A07,
28,14519,ALARM14519-TH RTD reading out of range value. (ATC #38). Zone27(Right_TS_1C) Data1=54532 Data2=57265,0-None,SC1_Handler:KryoProxy,User,Assist,Other,,Zone27(Right_TS_1C) Data1=54532 Data2=57265,,0,0,1,0,1644175844,1644176911,13:30:44 06-Feb-2022,13:48:31 06-Feb-2022,00:17:47,0,-45.0,Productive,Running,1,1,0,19066,19066,5,MTX-A07,
29,11961,ALARM11961-Left Test-Site PnP Chuck(s) 1 2 3 unable to extend.,0-None,SC1_Handler:Ts_Head_Left,User,Assist,Other,,1 2 3,,0,0,1,0,1644176914,1644176921,13:48:34 06-Feb-2022,13:48:41 06-Feb-2022,00:00:07,0,-45.0,Unknown,Running,1,1,0,19071,19071,5,MTX-A07,
30,14519,ALARM14519-TH RTD reading out of range value. (ATC #38). Zone27(Right_TS_1C) Data1=54532 Data2=57265,0-None,SC1_Handler:KryoProxy,User,Assist,Other,,Zone27(Right_TS_1C) Data1=54532 Data2=57265,,0,0,1,0,1644177362,1644178469,13:56:02 06-Feb-2022,14:14:29 06-Feb-2022,00:18:27,1110,-45.0,Alarm,Running,1,1,0,19075,19075,5,MTX-A07,
31,11961,ALARM11961-Left Test-Site PnP Chuck(s) 1 2 3 unable to extend.,0-None,SC1_Handler:Ts_Head_Left,User,Assist,Other,,1 2 3,,0,0,1,0,1644178472,1644178520,14:14:32 06-Feb-2022,14:15:20 06-Feb-2022,00:00:48,385,-45.0,Alarm,Running,1,1,0,19080,19080,5,MTX-A07,
32,14519,ALARM14519-TH RTD reading out of range value. (ATC #38). Zone27(Right_TS_1C) Data1=54532 Data2=57270,0-None,SC1_Handler:KryoProxy,User,Assist,Other,,Zone27(Right_TS_1C) Data1=54532 Data2=57270,,0,0,1,0,1644178857,1644179282,14:20:57 06-Feb-2022,14:28:02 06-Feb-2022,00:07:05,427,-45.0,Alarm,Running,1,1,0,19084,19084,5,MTX-A07,
33,11961,ALARM11961-Left Test-Site PnP Chuck(s) 2 3 unable to extend.,0-None,SC1_Handler:Ts_Head_Left,User,Assist,Other,,2 3,,0,0,1,0,1644179284,1644179287,14:28:04 06-Feb-2022,14:28:07 06-Feb-2022,00:00:03,183575,-45.0,Alarm,Running,1,1,0,19089,19089,5,MTX-A07,
34,11904,ALARM11904-Left Test-Site PnP X-Axis unable to complete move. (target = -0.7392) ,106-AmpFault::TrackErr,SC1_Handler:Ts_Head_Left,User,Assist,Other,,(target = -0.7392),,0,0,0,0,1644352762,1644362868,14:39:22 08-Feb-2022,17:27:48 08-Feb-2022,02:48:26,10097,50.0,Alarm,Running,1,1,0,20023,20023,NA,MTX-A07,
35,14519,ALARM14519-TH RTD reading out of range value. (ATC #38). Zone27(Right_TS_1C) Data1=54532 Data2=57260,0-None,SC1_Handler:KryoProxy,User,Assist,Other,,Zone27(Right_TS_1C) Data1=54532 Data2=57260,,0,0,1,0,1644479330,1644501284,01:48:50 10-Feb-2022,07:54:44 10-Feb-2022,06:05:54,21951,-45.0,Alarm,Running,1,4,0,20264,20264,5,MTX-A07,
36,10485,ALARM10485-Unable to Extend Precisor on In TPS 2,254-Axis Move Timeout,SC1_Handler:Tray_Xport,User,Assist,Reboot,,,,1,0,0,0,1644542590,1644545018,19:23:10 10-Feb-2022,20:03:38 10-Feb-2022,00:40:28,201847,130.0,Alarm,Running,1,1,0,20264,20264,NA,MTX-A07,
37,11904,ALARM11904-Left Test-Site PnP X-Axis unable to complete move. (target = -0.7392) ,106-AmpFault::TrackErr,SC1_Handler:Ts_Head_Left,User,Assist,Other,,(target = -0.7392),,0,0,0,0,1644744437,1644744497,03:27:17 13-Feb-2022,03:28:17 13-Feb-2022,00:01:00,299387,50.0,Alarm,Running,1,1,0,20264,20264,NA,MTX-A07,
38,11961,ALARM11961-Left Test-Site PnP Chuck(s) 2 3 unable to extend.,0-None,SC1_Handler:Ts_Head_Left,User,Assist,Other,,2 3,,0,0,1,0,1645043255,1645043827,14:27:35 16-Feb-2022,14:37:07 16-Feb-2022,00:09:32,569,-45.0,Alarm,Running,1,4,0,20764,20764,5,MTX-A07,
39,14519,ALARM14519-TH RTD reading out of range value. (ATC #38). Zone27(Right_TS_1C) Data1=54532 Data2=57270,0-None,SC1_Handler:KryoProxy,User,Assist,Other,,Zone27(Right_TS_1C) Data1=54532 Data2=57270,,0,0,1,0,1645052762,1645059295,17:06:02 16-Feb-2022,18:54:55 16-Feb-2022,01:48:53,6856,-45.0,Alarm,Running,1,4,0,20764,20764,5,MTX-A07,
40,14519,ALARM14519-TH RTD reading out of range value. (ATC #38). Zone27(Right_TS_1C) Data1=54532 Data2=57265,0-None,SC1_Handler:KryoProxy,User,Assist,Other,,Zone27(Right_TS_1C) Data1=54532 Data2=57265,,0,0,1,0,1645059618,1645060235,19:00:18 16-Feb-2022,19:10:35 16-Feb-2022,00:10:17,614,-45.0,Alarm,Flushing,1,1,0,20764,20764,5,MTX-A07,
41,10924,ALARM10924-Transfer PnP Z-Axis unable to complete move. (target = 0.9300) ,75-Position tracking error,SC1_Handler:PnP_Transfer,Machine,Assist,Other,,(target = 0.9300),,0,0,0,0,1645107199,1645130482,08:13:19 17-Feb-2022,14:41:22 17-Feb-2022,06:28:03,14611,50.0,Alarm,Running,1,1,0,21520,21520,NA,MTX-A07,
42,14519,ALARM14519-TH RTD reading out of range value. (ATC #38). Zone27(Right_TS_1C) Data1=54532 Data2=57274,0-None,SC1_Handler:KryoProxy,User,Assist,Other,,Zone27(Right_TS_1C) Data1=54532 Data2=57274,,0,0,1,0,1645171455,1645171547,02:04:15 18-Feb-2022,02:05:47 18-Feb-2022,00:01:32,225343,-45.0,Alarm,Running,1,1,0,21906,21906,5,MTX-A07,
43,11961,ALARM11961-Left Test-Site PnP Chuck(s) 2 3 unable to extend.,0-None,SC1_Handler:Ts_Head_Left,User,Assist,Other,,2 3,,0,0,1,0,1645408412,1645408422,19:53:32 20-Feb-2022,19:53:42 20-Feb-2022,00:00:10,14832,-45.0,Alarm,Running,1,1,0,23128,23128,5,MTX-A07,
44,11961,ALARM11961-Left Test-Site PnP Chuck(s) 2 unable to extend.,0-None,SC1_Handler:Ts_Head_Left,User,Assist,Other,,2,,0,0,1,0,1645423244,1645427433,00:00:44 21-Feb-2022,01:10:33 21-Feb-2022,01:09:49,4135,-45.0,Alarm,Running,1,1,0,23314,23314,5,MTX-A07,
45,14519,ALARM14519-TH RTD reading out of range value. (ATC #38). Zone21(Left_TS_4A) Data1=54532 Data2=57256,0-None,SC1_Handler:KryoProxy,User,Assist,Other,,Zone21(Left_TS_4A) Data1=54532 Data2=57256,,0,0,1,0,1645429763,1645429846,01:49:23 21-Feb-2022,01:50:46 21-Feb-2022,00:01:23,21977,-45.0,Alarm,Running,1,1,0,23314,23314,5,MTX-A07,
46,10924,ALARM10924-Transfer PnP Z-Axis unable to complete move. (target = 0.9300) ,75-Position tracking error,SC1_Handler:PnP_Transfer,Machine,Assist,Other,,(target = 0.9300),,0,0,1,0,1645451740,1645452189,07:55:40 21-Feb-2022,08:03:09 21-Feb-2022,00:07:29,4316,-45.0,Alarm,Running,1,1,0,23545,23545,5,MTX-A07,
47,10924,ALARM10924-Transfer PnP Z-Axis unable to complete move. (target = 0.9300) ,75-Position tracking error,SC1_Handler:PnP_Transfer,Machine,Assist,Other,,(target = 0.9300),,0,0,1,0,1645456056,1645456130,09:07:36 21-Feb-2022,09:08:50 21-Feb-2022,00:01:14,633,-45.0,Alarm,Running,1,1,0,23654,23654,5,MTX-A07,
48,10924,ALARM10924-Transfer PnP Z-Axis unable to complete move. (target = 0.9300) ,75-Position tracking error,SC1_Handler:PnP_Transfer,Machine,Assist,Other,,(target = 0.9300),,0,0,1,0,1645456689,1645456991,09:18:09 21-Feb-2022,09:23:11 21-Feb-2022,00:05:02,1844,-45.0,Alarm,Running,1,1,0,23684,23684,5,MTX-A07,
49,10924,ALARM10924-Transfer PnP Z-Axis unable to complete move. (target = 0.9300) ,75-Position tracking error,SC1_Handler:PnP_Transfer,Machine,Assist,Other,,(target = 0.9300),,0,0,1,0,1645458533,1645459400,09:48:53 21-Feb-2022,10:03:20 21-Feb-2022,00:14:27,5434,-45.0,Alarm,Running,1,1,0,23771,23771,5,MTX-A07,
50,10924,ALARM10924-Transfer PnP Z-Axis unable to complete move. (target = 0.9300) ,75-Position tracking error,SC1_Handler:PnP_Transfer,Machine,Assist,Other,,(target = 0.9300),,0,0,1,0,1645463967,1645464206,11:19:27 21-Feb-2022,11:23:26 21-Feb-2022,00:03:59,1249,-45.0,Alarm,Running,1,1,0,23957,23957,5,MTX-A07,
51,10924,ALARM10924-Transfer PnP Z-Axis unable to complete move. (target = 0.9300) ,75-Position tracking error,SC1_Handler:PnP_Transfer,Machine,Assist,Other,,(target = 0.9300),,0,0,1,0,1645465216,1645468911,11:40:16 21-Feb-2022,12:41:51 21-Feb-2022,01:01:35,8452,-45.0,Alarm,Running,1,1,0,24015,24015,5,MTX-A07,
52,10924,ALARM10924-Transfer PnP Z-Axis unable to complete move. (target = 0.9300) ,75-Position tracking error,SC1_Handler:PnP_Transfer,Machine,Assist,Other,,(target = 0.9300),,0,0,1,0,1645473021,1645473680,13:50:21 21-Feb-2022,14:01:20 21-Feb-2022,00:10:59,647,-45.0,Alarm,Running,1,1,0,24185,24185,5,MTX-A07,
53,10924,ALARM10924-Transfer PnP Z-Axis unable to complete move. (target = 0.9300) ,75-Position tracking error,SC1_Handler:PnP_Transfer,Machine,Assist,Other,,(target = 0.9300),,0,0,1,0,1645473991,1645474069,14:06:31 21-Feb-2022,14:07:49 21-Feb-2022,00:01:18,286,-45.0,Alarm,Running,1,1,0,24202,24202,5,MTX-A07,
54,10924,ALARM10924-Transfer PnP Z-Axis unable to complete move. (target = 0.9300) ,75-Position tracking error,SC1_Handler:PnP_Transfer,Machine,Assist,Other,,(target = 0.9300),,0,0,1,0,1645474277,1645474579,14:11:17 21-Feb-2022,14:16:19 21-Feb-2022,00:05:02,30025,-45.0,Alarm,Running,1,1,0,24213,24213,5,MTX-A07,
55,10924,ALARM10924-Transfer PnP Z-Axis unable to complete move. (target = 0.9300) ,75-Position tracking error,SC1_Handler:PnP_Transfer,Machine,Assist,Other,,(target = 0.9300),,0,0,3,0,1645504302,1645504355,22:31:42 21-Feb-2022,22:32:35 21-Feb-2022,00:00:53,22,25.0,Alarm,Running,1,5,0,24601,24601,5,MTX-A07,
56,10924,ALARM10924-Transfer PnP Z-Axis unable to complete move. (target = 0.9300) ,75-Position tracking error,SC1_Handler:PnP_Transfer,Machine,Assist,Other,,(target = 0.9300),,0,0,1,0,1645506980,1645508132,23:16:20 21-Feb-2022,23:35:32 21-Feb-2022,00:19:12,6576,25.0,Alarm,Running,1,1,0,24769,24769,5,MTX-A07,
57,10352,ALARM10352-TXP ATT unable to retract Pushers or the tray singulator fingers sensor was not blocked. Stn: TrayStack6 Oper:RT,200-IO Group Wait Timeout,SC1_Handler:Tray_Xport,User,Assist,Other,,Stn: TrayStack6 Oper:RT,,0,0,1,0,1645513556,1645515789,01:05:56 22-Feb-2022,01:43:09 22-Feb-2022,00:37:13,2229,25.0,Alarm,Running,1,1,0,25213,25213,5,MTX-A07,
58,10924,ALARM10924-Transfer PnP Z-Axis unable to complete move. (target = 0.9400) ,75-Position tracking error,SC1_Handler:PnP_Transfer,Machine,Assist,Other,,(target = 0.9400),,0,0,1,0,1645518385,1645519384,02:26:25 22-Feb-2022,02:43:04 22-Feb-2022,00:16:39,991,25.0,Alarm,Running,1,1,0,25521,25521,5,MTX-A07,
59,10924,ALARM10924-Transfer PnP Z-Axis unable to complete move. (target = 0.9700) ,75-Position tracking error,SC1_Handler:PnP_Transfer,Machine,Assist,Other,,(target = 0.9700),,0,0,1,0,1645595477,1645597273,23:51:17 22-Feb-2022,00:21:13 23-Feb-2022,00:29:56,639979,25.0,Alarm,Running,1,1,0,25870,25870,5,MTX-A07,
60,10924,ALARM10924-Transfer PnP Z-Axis unable to complete move. (target = 0.9700) ,75-Position tracking error,SC1_Handler:PnP_Transfer,Machine,Assist,Other,,(target = 0.9700),,0,0,1,0,1646283595,1646283729,22:59:55 02-Mar-2022,23:02:09 02-Mar-2022,00:02:14,41025,-45.0,Alarm,Running,1,1,0,26517,26517,rwcr20,MTX-A07,
61,10924,ALARM10924-Transfer PnP Z-Axis unable to complete move. (target = 0.9700) ,75-Position tracking error,SC1_Handler:PnP_Transfer,Machine,Assist,Other,,(target = 0.9700),,0,0,1,0,1646485270,1646487032,07:01:10 05-Mar-2022,07:30:32 05-Mar-2022,00:29:22,84041,-45.0,Alarm,Running,1,1,0,28473,28473,rwcr20,MTX-A07,
62,10924,ALARM10924-Transfer PnP Z-Axis unable to complete move. (target = 0.9700) ,75-Position tracking error,SC1_Handler:PnP_Transfer,Machine,Assist,Other,,(target = 0.9700),,0,0,1,0,1646569311,1646571358,06:21:51 06-Mar-2022,06:55:58 06-Mar-2022,00:34:07,11440,-45.0,Alarm,Running,1,1,0,29078,29078,rwcr20,MTX-A07,
63,10924,ALARM10924-Transfer PnP Z-Axis unable to complete move. (target = 0.9700) ,75-Position tracking error,SC1_Handler:PnP_Transfer,Machine,Assist,Other,,(target = 0.9700),,0,0,1,0,1646580751,1646581098,09:32:31 06-Mar-2022,09:38:18 06-Mar-2022,00:05:47,4327,-45.0,Alarm,Running,1,1,0,29457,29457,rwcr20,MTX-A07,
64,10924,ALARM10924-Transfer PnP Z-Axis unable to complete move. (target = 0.9700) ,75-Position tracking error,SC1_Handler:PnP_Transfer,Machine,Assist,Other,,(target = 0.9700),,0,0,1,0,1646585078,1646585126,10:44:38 06-Mar-2022,10:45:26 06-Mar-2022,00:00:48,136594,-45.0,Alarm,Running,1,1,0,29691,29691,rwcr20,MTX-A07,
65,10924,ALARM10924-Transfer PnP Z-Axis unable to complete move. (target = 0.9700) ,75-Position tracking error,SC1_Handler:PnP_Transfer,Machine,Assist,Other,,(target = 0.9700),,0,0,1,0,1646898645,1646899192,01:50:45 10-Mar-2022,01:59:52 10-Mar-2022,00:09:07,2800,-45.0,Alarm,Running,1,1,0,30777,30777,rwcr20,MTX-A07,
66,10924,ALARM10924-Transfer PnP Z-Axis unable to complete move. (target = 0.9700) ,75-Position tracking error,SC1_Handler:PnP_Transfer,Machine,Assist,Other,,(target = 0.9700),,0,0,1,0,1646976702,1646976857,23:31:42 10-Mar-2022,23:34:17 10-Mar-2022,00:02:35,592,-45.0,Alarm,Running,1,1,0,31584,31584,rwcr20,MTX-A07,
67,10924,ALARM10924-Transfer PnP Z-Axis unable to complete move. (target = 0.9700) ,75-Position tracking error,SC1_Handler:PnP_Transfer,Machine,Assist,Other,,(target = 0.9700),,0,0,1,0,1646977294,1646977642,23:41:34 10-Mar-2022,23:47:22 10-Mar-2022,00:05:48,1575,-45.0,Alarm,Running,1,1,0,31710,31710,rwcr20,MTX-A07,
68,10924,ALARM10924-Transfer PnP Z-Axis unable to complete move. (target = 0.9700) ,75-Position tracking error,SC1_Handler:PnP_Transfer,Machine,Assist,Other,,(target = 0.9700),,0,0,1,0,1646978869,1646979050,00:07:49 11-Mar-2022,00:10:50 11-Mar-2022,00:03:01,24070,-45.0,Alarm,Running,1,1,0,31959,31959,rwcr20,MTX-A07,
69,11950,ALARM11950-Left Test-Site PnP pick operation unable to pick up parts on nest(s) A2 B2. Open door and remove parts to Clear,0-None,SC1_Handler:Ts_Head_Left,User,Assist,Other,,A2 B2,,0,0,0,1,1647009234,1647016766,08:33:54 11-Mar-2022,10:39:26 11-Mar-2022,02:05:32,278,-45.0,Alarm,Running,1,4,0,31960,31960,rwcr20,MTX-A07,
70,11502,ALARM11502-Right Input Shuttle unable to move off Home sensor.,0-None,SC1_Handler:Shuttle_Input_Right,User,Assist,Other,,,,0,0,2,0,1647016622,1647016737,10:37:02 11-Mar-2022,10:38:57 11-Mar-2022,00:01:55,0,-45.0,Alarm,Diag_Recovery,1,4,0,31960,31960,rwcr20,MTX-A07,
71,11950,ALARM11950-Left Test-Site PnP pick operation unable to pick up parts on nest(s) A2 B2. Open door and remove parts to Clear,0-None,SC1_Handler:Ts_Head_Left,User,Assist,Other,,A2 B2,,0,0,1,1,1647239354,1647241361,01:29:14 14-Mar-2022,02:02:41 14-Mar-2022,00:33:27,1532,-45.0,Alarm,Running,1,1,0,33807,33807,rwcr20,MTX-A07,
72,10924,ALARM10924-Transfer PnP Z-Axis unable to complete move. (target = 0.9700) ,75-Position tracking error,SC1_Handler:PnP_Transfer,Machine,Assist,Other,,(target = 0.9700),,0,0,1,0,1647239758,1647241157,01:35:58 14-Mar-2022,01:59:17 14-Mar-2022,00:23:19,1128,-45.0,Alarm,Running,1,1,0,33812,33812,rwcr20,MTX-A07,
73,10924,ALARM10924-Transfer PnP Z-Axis unable to complete move. (target = 0.9700) ,75-Position tracking error,SC1_Handler:PnP_Transfer,Machine,Assist,Other,,(target = 0.9700),,0,0,3,0,1647241730,1647242493,02:08:50 14-Mar-2022,02:21:33 14-Mar-2022,00:12:43,616,-45.0,Alarm,Running,1,1,0,33820,33820,rwcr20,MTX-A07,
74,11950,ALARM11950-Left Test-Site PnP pick operation unable to pick up parts on nest(s) A2 B2. Open door and remove parts to Clear,0-None,SC1_Handler:Ts_Head_Left,User,Assist,Other,,A2 B2,,0,0,0,1,1647242534,1647244580,02:22:14 14-Mar-2022,02:56:20 14-Mar-2022,00:34:06,9351,-45.0,Alarm,Running,1,1,0,33820,33820,rwcr20,MTX-A07,
75,11950,ALARM11950-Left Test-Site PnP pick operation unable to pick up parts on nest(s) B2. Open door and remove parts to Clear,0-None,SC1_Handler:Ts_Head_Left,User,Assist,Other,,B2,,0,0,0,1,1647251885,1647253894,04:58:05 14-Mar-2022,05:31:34 14-Mar-2022,00:33:29,901,-45.0,Alarm,Running,1,1,0,33827,33827,rwcr20,MTX-A07,
76,10924,ALARM10924-Transfer PnP Z-Axis unable to complete move. (target = 0.9700) ,75-Position tracking error,SC1_Handler:PnP_Transfer,Machine,Assist,Other,,(target = 0.9700),,0,0,1,0,1647255573,1647256482,05:59:33 14-Mar-2022,06:14:42 14-Mar-2022,00:15:09,896,-45.0,Alarm,Running,1,1,0,33830,33830,rwcr20,MTX-A07,
77,11961,ALARM11961-Left Test-Site PnP Chuck(s) 2 unable to extend.,0-None,SC1_Handler:Ts_Head_Left,User,Assist,Other,,2,,0,0,1,0,1647413713,1647413896,01:55:13 16-Mar-2022,01:58:16 16-Mar-2022,00:03:03,17704,-45.0,Engineering,Running,1,5,0,34188,34188,rwcr20,MTX-A07,
78,12155,ALARM12155-Right Test-Site PnP lost part on nest(s) B1. Open door and remove parts to Clear,0-None,SC1_Handler:Ts_Head_Right,User,Assist,Other,,B1,,0,0,0,1,1647431417,1647435775,06:50:17 16-Mar-2022,08:02:55 16-Mar-2022,01:12:38,1349,-45.0,Alarm,Running,1,1,0,34899,34899,rwcr20,MTX-A07,
